[
   {
      "id":6946,
      "name":"Matsuhisa - Aspen",
      "address":"303 East Main Street",
      "city":"Aspen",
      "state":"CO",
      "area":"Denver / Colorado",
      "postal_code":"81611",
      "country":"US",
      "phone":"9705446628",
      "lat":39.190614,
      "long":-106.820291,
      "price":4,
      "cuisines":[
                  "Japanese",
                  "Sushi"
                  ],
      "reserve_url":"http://www.opentable.com/single.aspx?rid=6946",
      "mobile_reserve_url":"http://mobile.opentable.com/opentable/?restId=6946",
      "image_url":"https://resizer.otstatic.com/v2/profiles/legacy/6946.jpg"
   },
   {
      "id":4643,
      "name":"Element 47",
      "address":"675 East Durant Avenue",
      "city":"Aspen",
      "state":"CO",
      "area":"Denver / Colorado",
      "postal_code":"81611",
      "country":"US",
      "phone":"9709206313",
      "lat":39.186415,
      "long":-106.817637,
      "price":4,
      "cuisines":[
                  "Bistro",
                  "Brewery"
                  ],
      "reserve_url":"http://www.opentable.com/single.aspx?rid=4643",
      "mobile_reserve_url":"http://mobile.opentable.com/opentable/?restId=4643",
      "image_url":"https://resizer.otstatic.com/v2/profiles/legacy/4643.jpg"
   },
   {
      "id":26608,
      "name":"Plato's Restaurant",
      "address":"845 Meadows Road",
      "city":"Aspen",
      "state":"CO",
      "area":"Denver / Colorado",
      "postal_code":"81611",
      "country":"US",
      "phone":"9709254240x",
      "lat":39.200598,
      "long":-106.831151,
      "price":3, 
      "cuisines":[
                  "Comfort",
                  "American"
                  ],
      "reserve_url":"http://www.opentable.com/single.aspx?rid=26608",
      "mobile_reserve_url":"http://mobile.opentable.com/opentable/?restId=26608",
      "image_url":"https://resizer.otstatic.com/v2/profiles/legacy/26608.jpg"
   },
   {
      "id":27427,
      "name":"Ajax Tavern",
      "address":"675 East Durant Ave",
      "city":"Aspen",
      "state":"CO",
      "area":"Denver / Colorado",
      "postal_code":"81611",
      "country":"US",
      "phone":"9709206334",
      "lat":39.186415,
      "long":-106.817637,
      "price":2,
      "cuisines":[
                  "Bar",
                  "American"
                  ],
      "reserve_url":"http://www.opentable.com/single.aspx?rid=27427",
      "mobile_reserve_url":"http://mobile.opentable.com/opentable/?restId=27427",
      "image_url":"https://resizer.otstatic.com/v2/profiles/legacy/27427.jpg"
   },
   {
      "id":29989,
      "name":"Brexi",
      "address":"411 S. Monarch St.",
      "city":"Aspen",
      "state":"CO",
      "area":"Denver / Colorado",
      "postal_code":"81611",
      "country":"US",
      "phone":"9709252838",
      "lat":39.188063,
      "long":-106.821741,
      "price":3,
      "cuisines":[
                  "Continental",
                  "Seafood"
                  ],
      "reserve_url":"http://www.opentable.com/single.aspx?rid=29989",
      "mobile_reserve_url":"http://mobile.opentable.com/opentable/?restId=29989",
      "image_url":"https://resizer.otstatic.com/v2/profiles/legacy/29989.jpg"
   },
   {
      "id":26836,
      "name":"Trecento Quindici Decano",
      "address":"315 East Dean Street",
      "city":"Aspen",
      "state":"CO",
      "area":"Denver / Colorado",
      "postal_code":"81611",
      "country":"US",
      "phone":"9704299644",
      "lat":39.18664,
      "long":-106.821218,
      "price":2,
      "cuisines":[
                  "Mexican",
                  "Seafood"
                  ],
      "reserve_url":"http://www.opentable.com/single.aspx?rid=26836",
      "mobile_reserve_url":"http://mobile.opentable.com/opentable/?restId=26836",
      "image_url":"https://resizer.otstatic.com/v2/profiles/legacy/26836.jpg"
   },
   {
      "id":118618,
      "name":"Zeno Aspen",
      "address":"501 E. Dean St. STE. C1",
      "city":"Aspen",
      "state":"CO",
      "area":"Denver / Colorado",
      "postal_code":"81611",
      "country":"US",
      "phone":"9704298588",
      "lat":39.186409,
      "long":-106.818938,
      "price":2,
      "cuisines":[
                  "Continental",
                  "Wine"
                  ],
      "reserve_url":"http://www.opentable.com/single.aspx?rid=118618",
      "mobile_reserve_url":"http://mobile.opentable.com/opentable/?restId=118618",
      "image_url":"https://resizer.otstatic.com/v2/profiles/legacy/118618.jpg"
   },
   {
      "id":5835,
      "name":"The Wild Fig",
      "address":"315 East Hyman",
      "city":"Aspen",
      "state":"CO",
      "area":"Denver / Colorado",
      "postal_code":"81611",
      "country":"US",
      "phone":"9709255160",
      "lat":39.18907,
      "long":-106.820434,
      "price":2,
      "cuisines":[
                  "Organic",
                  "American"
                  ],
      "reserve_url":"http://www.opentable.com/single.aspx?rid=5835",
      "mobile_reserve_url":"http://mobile.opentable.com/opentable/?restId=5835",
      "image_url":"https://resizer.otstatic.com/v2/profiles/legacy/5835.jpg"
   },
   {
      "id":54868,
      "name":"bb's",
      "address":"525 E Cooper Ave, Suite 201",
      "city":"Aspen",
      "state":"CO",
      "area":"Denver / Colorado",
      "postal_code":"81611",
      "country":"US",
      "phone":"9704298284",
      "lat":39.187828,
      "long":-106.817515,
      "price":3,
      "cuisines":[
                  "Bar",
                  "Southern"
                  ],
      "reserve_url":"http://www.opentable.com/single.aspx?rid=54868",
      "mobile_reserve_url":"http://mobile.opentable.com/opentable/?restId=54868",
      "image_url":"https://resizer.otstatic.com/v2/profiles/legacy/54868.jpg"
   },
   {
      "id":10045,
      "name":"Steak House No. 316",
      "address":"316 E. Hopkins Ave",
      "city":"Aspen",
      "state":"CO",
      "area":"Denver / Colorado",
      "postal_code":"81611",
      "country":"US",
      "phone":"9709201893",
      "lat":39.190213,
      "long":-106.820017,
      "price":3,
      "cuisines":[
                  "Steak",
                  "Prime Rib",
                  "American"
                  ],
      "reserve_url":"http://www.opentable.com/single.aspx?rid=10045",
      "mobile_reserve_url":"http://mobile.opentable.com/opentable/?restId=10045",
      "image_url":"https://resizer.otstatic.com/v2/profiles/legacy/10045.jpg"
   },
   {
      "id":44872,
      "name":"Prospect",
      "address":"330 East Main Street",
      "city":"Aspen",
      "state":"CO",
      "area":"Denver / Colorado",
      "postal_code":"81611",
      "country":"US",
      "phone":"970-429-7610x",
      "lat":39.190689,
      "long":-106.819425,
      "price":3,
      "cuisines":[
                  "Organic",
                  "Tapas",
                  "American"
                  ],
      "reserve_url":"http://www.opentable.com/single.aspx?rid=44872",
      "mobile_reserve_url":"http://mobile.opentable.com/opentable/?restId=44872",
      "image_url":"https://resizer.otstatic.com/v2/profiles/legacy/44872.jpg"
   },
   {
      "id":17290,
      "name":"Jimmy's An American Restaurant & Bar",
      "address":"205 South Mill Street",
      "city":"Aspen",
      "state":"CO",
      "area":"Denver / Colorado",
      "postal_code":"81611",
      "country":"US",
      "phone":"9709256020x",
      "lat":39.189818,
      "long":-106.819481,
      "price":3,
      "cuisines":[
                  "Burgers",
                  "American"
                  ],
      "reserve_url":"http://www.opentable.com/single.aspx?rid=17290",
      "mobile_reserve_url":"http://mobile.opentable.com/opentable/?restId=17290",
      "image_url":"https://resizer.otstatic.com/v2/profiles/legacy/17290.jpg"
   },
   {
      "id":106729,
      "name":"Justice Snow's",
      "address":"328 East Hyman Avenue",
      "city":"Aspen",
      "state":"CO",
      "area":"Denver / Colorado",
      "postal_code":"81611",
      "country":"US",
      "phone":"9704298192",
      "lat":39.189252,
      "long":-106.81991,
      "price":2,
      "cuisines":[
                  "Organic",
                  "Bistro"
                  ],
      "reserve_url":"http://www.opentable.com/single.aspx?rid=106729",
      "mobile_reserve_url":"http://mobile.opentable.com/opentable/?restId=106729",
      "image_url":"https://resizer.otstatic.com/v2/profiles/legacy/106729.jpg"
   },
   {
      "id":38830,
      "name":"Kenichi Aspen",
      "address":"533 East Hopkins Avenue",
      "city":"Aspen",
      "state":"CO",
      "area":"Denver / Colorado",
      "postal_code":"81611",
      "country":"US",
      "phone":"9709202212x",
      "lat":39.189513,
      "long":-106.817919,
      "price":3,
      "cuisines":[
                  "Sushi",
                  "Japanese"
                  ],
      "reserve_url":"http://www.opentable.com/single.aspx?rid=38830",
      "mobile_reserve_url":"http://mobile.opentable.com/opentable/?restId=38830",
      "image_url":"https://resizer.otstatic.com/v2/profiles/legacy/38830.jpg"
   },
   {
      "id":57844,
      "name":"Casa Tua Aspen",
      "address":"403 S Galena",
      "city":"Aspen",
      "state":"CO",
      "area":"Denver / Colorado",
      "postal_code":"81611",
      "country":"US",
      "phone":"9709207277x",
      "lat":39.187867,
      "long":-106.819177,
      "price":3,
      "cuisines":[
                  "Cuban",
                  "Seafood"
                  ],
      "reserve_url":"http://www.opentable.com/single.aspx?rid=57844",
      "mobile_reserve_url":"http://mobile.opentable.com/opentable/?restId=57844",
      "image_url":"https://resizer.otstatic.com/v2/profiles/legacy/57844.jpg"
   },
   {
      "id":86113,
      "name":"Chefs Club Aspen - St. Regis Aspen",
      "address":"315 East Dean Street",
      "city":"Aspen",
      "state":"CO",
      "area":"Denver / Colorado",
      "postal_code":"81611",
      "country":"US",
      "phone":"9704299581x",
      "lat":39.186578,
      "long":-106.820922,
      "price":3,
      "cuisines":[
                  "Bistro",
                  "Californian"
                  ],
      "reserve_url":"http://www.opentable.com/single.aspx?rid=86113",
      "mobile_reserve_url":"http://mobile.opentable.com/opentable/?restId=86113",
      "image_url":"https://resizer.otstatic.com/v2/profiles/legacy/86113.jpg"
   }
]
